{
  "allFiles": [
    {
      "file": "/storage/emulated/0/AndroidIDEProjects/CineCraze Tv/app/src/main/java/com/cinecraze/free/MiniServerSpinner.java",
      "selection": {
        "end": {
          "column": 35,
          "index": 2898,
          "line": 75
        },
        "start": {
          "column": 35,
          "index": 2898,
          "line": 75
        }
      }
    }
  ],
  "selectedFile": "/storage/emulated/0/AndroidIDEProjects/CineCraze Tv/app/src/main/java/com/cinecraze/free/MiniServerSpinner.java"
}