{
  "project_info": {
    "project_number": "123456789012",
    "firebase_url": "https://cinecraze-tv-default-rtdb.firebaseio.com",
    "project_id": "cinecraze-tv",
    "storage_bucket": "cinecraze-tv.appspot.com"
  },
  "client": [
    {
      "client_info": {
        "mobilesdk_app_id": "1:123456789012:android:abcdef1234567890",
        "android_client_info": {
          "package_name": "com.cinecraze.free"
        }
      },
      "oauth_client": [
        {
          "client_id": "123456789012-abcdefghijklmnop.apps.googleusercontent.com",
          "client_type": 1,
          "android_info": {
            "package_name": "com.cinecraze.free",
            "certificate_hash": "abcdef1234567890abcdef1234567890abcdef12"
          }
        },
        {
          "client_id": "123456789012-abcdefghijklmnop.apps.googleusercontent.com",
          "client_type": 3
        }
      ],
      "api_key": [
        {
          "current_key": "AIzaSyBdKLf0hneEJd5kGWV28i369PcYrozDBBg"
        }
      ],
      "services": {
        "appinvite_service": {
          "other_platform_oauth_client": [
            {
              "client_id": "123456789012-abcdefghijklmnop.apps.googleusercontent.com",
              "client_type": 3
            }
          ]
        }
      }
    }
  ],
  "configuration_version": "1"
}